Stock Name,Stock Symbol,Website,Domain Name,Logo URL
360ONE,360ONE.NS,https://www.360.one,360.one,https://img.logo.dev/360.one
3MINDIA,3MINDIA.NS,https://www.3mindia.in,3mindia.in,https://img.logo.dev/3mindia.in
ABB,ABB.NS,https://new.abb.com/indian-subcontinent,new.abb.com,https://img.logo.dev/new.abb.com
ACC,ACC.NS,https://www.acclimited.com,acclimited.com,https://img.logo.dev/acclimited.com
ACMESOLAR,ACMESOLAR.NS,https://acmesolar.in,acmesolar.in,https://img.logo.dev/acmesolar.in
AIAENG,AIAENG.NS,https://www.aiaengineering.com,aiaengineering.com,https://img.logo.dev/aiaengineering.com
APLAPOLLO,APLAPOLLO.NS,https://www.aplapollo.com,aplapollo.com,https://img.logo.dev/aplapollo.com
AUBANK,AUBANK.NS,https://www.aubank.in,aubank.in,https://img.logo.dev/aubank.in
AWL,AWL.NS,https://www.adaniwilmar.com,adaniwilmar.com,https://img.logo.dev/adaniwilmar.com
AADHARHFC,AADHARHFC.NS,https://aadharhousing.com,aadharhousing.com,https://img.logo.dev/aadharhousing.com
AARTIIND,AARTIIND.NS,https://www.aarti-industries.com,aarti-industries.com,https://img.logo.dev/aarti-industries.com
AAVAS,AAVAS.NS,https://www.aavas.in,aavas.in,https://img.logo.dev/aavas.in
ABBOTINDIA,ABBOTINDIA.NS,https://www.abbott.co.in,abbott.co.in,https://img.logo.dev/abbott.co.in
ACE,ACE.NS,https://www.ace-cranes.com,ace-cranes.com,https://img.logo.dev/ace-cranes.com
ADANIENSOL,ADANIENSOL.NS,https://www.adanienergysolutions.com,adanienergysolutions.com,https://img.logo.dev/adanienergysolutions.com
ADANIENT,ADANIENT.NS,https://www.adanienterprises.com,adanienterprises.com,https://img.logo.dev/adanienterprises.com
ADANIGREEN,ADANIGREEN.NS,https://www.adanigreenenergy.com,adanigreenenergy.com,https://img.logo.dev/adanigreenenergy.com
ADANIPORTS,ADANIPORTS.NS,https://www.adaniports.com,adaniports.com,https://img.logo.dev/adaniports.com
ADANIPOWER,ADANIPOWER.NS,https://www.adanipower.com,adanipower.com,https://img.logo.dev/adanipower.com
ATGL,ATGL.NS,https://www.adanigas.com,adanigas.com,https://img.logo.dev/adanigas.com
ABCAPITAL,ABCAPITAL.NS,https://www.adityabirlacapital.com,adityabirlacapital.com,https://img.logo.dev/adityabirlacapital.com
ABFRL,ABFRL.NS,https://www.abfrl.com,abfrl.com,https://img.logo.dev/abfrl.com
ABREL,ABREL.NS,https://www.adityabirlarealestate.com,adityabirlarealestate.com,https://img.logo.dev/adityabirlarealestate.com
ABSLAMC,ABSLAMC.NS,https://www.birlasunlife.com,birlasunlife.com,https://img.logo.dev/birlasunlife.com
AEGISLOG,AEGISLOG.NS,https://www.aegisindia.com,aegisindia.com,https://img.logo.dev/aegisindia.com
AFCONS,AFCONS.NS,https://www.afcons.com,afcons.com,https://img.logo.dev/afcons.com
AFFLE,AFFLE.NS,https://www.affle.com,affle.com,https://img.logo.dev/affle.com
AJANTPHARM,AJANTPHARM.NS,https://www.ajantapharma.com,ajantapharma.com,https://img.logo.dev/ajantapharma.com
AKUMS,AKUMS.NS,https://www.akums.in,akums.in,https://img.logo.dev/akums.in
APLLTD,APLLTD.NS,https://alembicpharmaceuticals.com,alembicpharmaceuticals.com,https://img.logo.dev/alembicpharmaceuticals.com
ALIVUS,ALIVUS.NS,https://www.alivus.com,alivus.com,https://img.logo.dev/alivus.com
ALKEM,ALKEM.NS,https://www.alkemlabs.com,alkemlabs.com,https://img.logo.dev/alkemlabs.com
ALKYLAMINE,ALKYLAMINE.NS,https://alkylamines.com,alkylamines.com,https://img.logo.dev/alkylamines.com
ALOKINDS,ALOKINDS.NS,https://www.alokind.com,alokind.com,https://img.logo.dev/alokind.com
ARE&M,ARE&M.NS,https://www.amararajaeandm.com,amararajaeandm.com,https://img.logo.dev/amararajaeandm.com
AMBER,AMBER.NS,https://www.ambergroupindia.com,ambergroupindia.com,https://img.logo.dev/ambergroupindia.com
AMBUJACEM,AMBUJACEM.NS,https://www.ambujacement.com,ambujacement.com,https://img.logo.dev/ambujacement.com
ANANDRATHI,ANANDRATHI.NS,https://anandrathiwealth.in,anandrathiwealth.in,https://img.logo.dev/anandrathiwealth.in
ANANTRAJ,ANANTRAJ.NS,https://www.anantrajlimited.com,anantrajlimited.com,https://img.logo.dev/anantrajlimited.com
ANGELONE,ANGELONE.NS,https://www.angelone.in,angelone.in,https://img.logo.dev/angelone.in
APARINDS,APARINDS.NS,https://apar.com,apar.com,https://img.logo.dev/apar.com
APOLLOHOSP,APOLLOHOSP.NS,https://www.apollohospitals.com,apollohospitals.com,https://img.logo.dev/apollohospitals.com
APOLLOTYRE,APOLLOTYRE.NS,https://www.apollotyres.com,apollotyres.com,https://img.logo.dev/apollotyres.com
APTUS,APTUS.NS,https://www.aptusindia.com,aptusindia.com,https://img.logo.dev/aptusindia.com
ASAHIINDIA,ASAHIINDIA.NS,https://www.aisglass.com,aisglass.com,https://img.logo.dev/aisglass.com
ASHOKLEY,ASHOKLEY.NS,https://www.ashokleyland.com,ashokleyland.com,https://img.logo.dev/ashokleyland.com
ASIANPAINT,ASIANPAINT.NS,https://www.asianpaints.com,asianpaints.com,https://img.logo.dev/asianpaints.com
ASTERDM,ASTERDM.NS,https://www.asterdmhealthcare.com,asterdmhealthcare.com,https://img.logo.dev/asterdmhealthcare.com
ASTRAZEN,ASTRAZEN.NS,https://www.astrazeneca.in,astrazeneca.in,https://img.logo.dev/astrazeneca.in
ASTRAL,ASTRAL.NS,https://astralltd.com,astralltd.com,https://img.logo.dev/astralltd.com
ATUL,ATUL.NS,https://www.atul.co.in,atul.co.in,https://img.logo.dev/atul.co.in
AUROPHARMA,AUROPHARMA.NS,https://www.aurobindo.com,aurobindo.com,https://img.logo.dev/aurobindo.com
AIIL,AIIL.NS,https://www.authum.com,authum.com,https://img.logo.dev/authum.com
DMART,DMART.NS,https://www.dmartindia.com,dmartindia.com,https://img.logo.dev/dmartindia.com
AXISBANK,AXISBANK.NS,https://www.axisbank.com,axisbank.com,https://img.logo.dev/axisbank.com
BASF,BASF.NS,https://www.basf.com/in,basf.com,https://img.logo.dev/basf.com
BEML,BEML.NS,https://www.bemlindia.in,bemlindia.in,https://img.logo.dev/bemlindia.in
BLS,BLS.NS,https://www.blsinternational.com,blsinternational.com,https://img.logo.dev/blsinternational.com
BSE,BSE.NS,https://www.bseindia.com,bseindia.com,https://img.logo.dev/bseindia.com
BAJAJ-AUTO,BAJAJ-AUTO.NS,https://www.bajajauto.com,bajajauto.com,https://img.logo.dev/bajajauto.com
BAJFINANCE,BAJFINANCE.NS,https://www.aboutbajajfinserv.com/finance-about-us,aboutbajajfinserv.com,https://img.logo.dev/aboutbajajfinserv.com
BAJAJFINSV,BAJAJFINSV.NS,https://www.bajajfinserv.in,bajajfinserv.in,https://img.logo.dev/bajajfinserv.in
BAJAJHLDNG,BAJAJHLDNG.NS,https://www.bhil.in,bhil.in,https://img.logo.dev/bhil.in
BAJAJHFL,BAJAJHFL.NS,https://www.bajajhousingfinance.in,bajajhousingfinance.in,https://img.logo.dev/bajajhousingfinance.in
BALKRISIND,BALKRISIND.NS,https://www.bkt-tires.com,bkt-tires.com,https://img.logo.dev/bkt-tires.com
BALRAMCHIN,BALRAMCHIN.NS,https://chini.com,chini.com,https://img.logo.dev/chini.com
BANDHANBNK,BANDHANBNK.NS,https://www.bandhanbank.com,bandhanbank.com,https://img.logo.dev/bandhanbank.com
BANKBARODA,BANKBARODA.NS,https://www.bankofbaroda.in,bankofbaroda.in,https://img.logo.dev/bankofbaroda.in
BANKINDIA,BANKINDIA.NS,https://bankofindia.co.in,bankofindia.co.in,https://img.logo.dev/bankofindia.co.in
MAHABANK,MAHABANK.NS,https://www.bankofmaharashtra.in,bankofmaharashtra.in,https://img.logo.dev/bankofmaharashtra.in
BATAINDIA,BATAINDIA.NS,https://www.bata.in,bata.in,https://img.logo.dev/bata.in
BAYERCROP,BAYERCROP.NS,https://www.bayer.in,bayer.in,https://img.logo.dev/bayer.in
BERGEPAINT,BERGEPAINT.NS,https://www.bergerpaints.com,bergerpaints.com,https://img.logo.dev/bergerpaints.com
BDL,BDL.NS,https://bdl-india.in,bdl-india.in,https://img.logo.dev/bdl-india.in
BEL,BEL.NS,https://www.bel-india.in,bel-india.in,https://img.logo.dev/bel-india.in
BHARATFORG,BHARATFORG.NS,https://www.bharatforge.com,bharatforge.com,https://img.logo.dev/bharatforge.com
BHEL,BHEL.NS,https://www.bhel.com,bhel.com,https://img.logo.dev/bhel.com
BPCL,BPCL.NS,https://www.bharatpetroleum.in,bharatpetroleum.in,https://img.logo.dev/bharatpetroleum.in
BHARTIARTL,BHARTIARTL.NS,https://www.airtel.in,airtel.in,https://img.logo.dev/airtel.in
BHARTIHEXA,BHARTIHEXA.NS,https://www.bhartihexacom.in,bhartihexacom.in,https://img.logo.dev/bhartihexacom.in
BIKAJI,BIKAJI.NS,https://www.bikaji.com,bikaji.com,https://img.logo.dev/bikaji.com
BIOCON,BIOCON.NS,https://www.biocon.com,biocon.com,https://img.logo.dev/biocon.com
BSOFT,BSOFT.NS,https://www.birlasoft.com,birlasoft.com,https://img.logo.dev/birlasoft.com
BLUEDART,BLUEDART.NS,https://www.bluedart.com,bluedart.com,https://img.logo.dev/bluedart.com
BLUESTARCO,BLUESTARCO.NS,https://www.bluestarindia.com,bluestarindia.com,https://img.logo.dev/bluestarindia.com
BBTC,BBTC.NS,https://www.bbtcl.com,bbtcl.com,https://img.logo.dev/bbtcl.com
BOSCHLTD,BOSCHLTD.NS,https://www.bosch.in,bosch.in,https://img.logo.dev/bosch.in
FIRSTCRY,FIRSTCRY.NS,https://www.firstcry.com,firstcry.com,https://img.logo.dev/firstcry.com
BRIGADE,BRIGADE.NS,https://www.brigadegroup.com,brigadegroup.com,https://img.logo.dev/brigadegroup.com
BRITANNIA,BRITANNIA.NS,https://britannia.co.in,britannia.co.in,https://img.logo.dev/britannia.co.in
MAPMYINDIA,MAPMYINDIA.NS,https://www.mapmyindia.com,mapmyindia.com,https://img.logo.dev/mapmyindia.com
CCL,CCL.NS,https://www.cclproducts.com,cclproducts.com,https://img.logo.dev/cclproducts.com
CESC,CESC.NS,https://www.cesc.co.in,cesc.co.in,https://img.logo.dev/cesc.co.in
CGPOWER,CGPOWER.NS,https://www.cgglobal.com,cgglobal.com,https://img.logo.dev/cgglobal.com
CRISIL,CRISIL.NS,https://www.crisil.com,crisil.com,https://img.logo.dev/crisil.com
CAMPUS,CAMPUS.NS,https://www.campusactivewear.com,campusactivewear.com,https://img.logo.dev/campusactivewear.com
CANFINHOME,CANFINHOME.NS,https://www.canfinhomes.com,canfinhomes.com,https://img.logo.dev/canfinhomes.com
CANBK,CANBK.NS,https://www.canarabank.com,canarabank.com,https://img.logo.dev/canarabank.com
CAPLIPOINT,CAPLIPOINT.NS,https://www.caplinpoint.net,caplinpoint.net,https://img.logo.dev/caplinpoint.net
CGCL,CGCL.NS,https://www.capriloans.in,capriloans.in,https://img.logo.dev/capriloans.in
CARBORUNIV,CARBORUNIV.NS,https://www.cumi-murugappa.com,cumi-murugappa.com,https://img.logo.dev/cumi-murugappa.com
CASTROLIND,CASTROLIND.NS,https://www.castrol.com/en_in/india/home.html,castrol.com,https://img.logo.dev/castrol.com
CEATLTD,CEATLTD.NS,https://www.ceat.com,ceat.com,https://img.logo.dev/ceat.com
CENTRALBK,CENTRALBK.NS,https://www.centralbankofindia.co.in,centralbankofindia.co.in,https://img.logo.dev/centralbankofindia.co.in
CDSL,CDSL.NS,https://www.cdslindia.com,cdslindia.com,https://img.logo.dev/cdslindia.com
CENTURYPLY,CENTURYPLY.NS,https://www.centuryply.com,centuryply.com,https://img.logo.dev/centuryply.com
CERA,CERA.NS,https://www.cera-india.com,cera-india.com,https://img.logo.dev/cera-india.com
CHALET,CHALET.NS,https://www.chalethotels.com,chalethotels.com,https://img.logo.dev/chalethotels.com
CHAMBLFERT,CHAMBLFERT.NS,https://www.chambalfertilisers.com,chambalfertilisers.com,https://img.logo.dev/chambalfertilisers.com
CHENNPETRO,CHENNPETRO.NS,https://www.cpcl.co.in,cpcl.co.in,https://img.logo.dev/cpcl.co.in
CHOLAHLDNG,CHOLAHLDNG.NS,https://cholafhl.com,cholafhl.com,https://img.logo.dev/cholafhl.com
CHOLAFIN,CHOLAFIN.NS,https://www.cholamandalam.com,cholamandalam.com,https://img.logo.dev/cholamandalam.com
CIPLA,CIPLA.NS,https://www.cipla.com,cipla.com,https://img.logo.dev/cipla.com
CUB,CUB.NS,https://www.cityunionbank.com,cityunionbank.com,https://img.logo.dev/cityunionbank.com
CLEAN,CLEAN.NS,https://www.cleanscience.co.in,cleanscience.co.in,https://img.logo.dev/cleanscience.co.in
COALINDIA,COALINDIA.NS,https://www.coalindia.in,coalindia.in,https://img.logo.dev/coalindia.in
COCHINSHIP,COCHINSHIP.NS,https://cochinshipyard.in,cochinshipyard.in,https://img.logo.dev/cochinshipyard.in
COFORGE,COFORGE.NS,https://www.coforge.com,coforge.com,https://img.logo.dev/coforge.com
COLPAL,COLPAL.NS,https://www.colgatepalmolive.co.in,colgatepalmolive.co.in,https://img.logo.dev/colgatepalmolive.co.in
CAMS,CAMS.NS,https://www.camsonline.com,camsonline.com,https://img.logo.dev/camsonline.com
CONCORDBIO,CONCORDBIO.NS,https://www.concordbiotech.com,concordbiotech.com,https://img.logo.dev/concordbiotech.com
CONCOR,CONCOR.NS,https://concorindia.co.in,concorindia.co.in,https://img.logo.dev/concorindia.co.in
COROMANDEL,COROMANDEL.NS,https://www.coromandel.biz,coromandel.biz,https://img.logo.dev/coromandel.biz
CRAFTSMAN,CRAFTSMAN.NS,https://www.craftsmanautomation.com,craftsmanautomation.com,https://img.logo.dev/craftsmanautomation.com
CREDITACC,CREDITACC.NS,https://www.creditaccessgrameen.in,creditaccessgrameen.in,https://img.logo.dev/creditaccessgrameen.in
CROMPTON,CROMPTON.NS,https://www.crompton.co.in,crompton.co.in,https://img.logo.dev/crompton.co.in
CUMMINSIND,CUMMINSIND.NS,https://www.cummins.com/en/in/company/cummins-india?locset=IN,cummins.com,https://img.logo.dev/cummins.com
CYIENT,CYIENT.NS,https://www.cyient.com,cyient.com,https://img.logo.dev/cyient.com
DCMSHRIRAM,DCMSHRIRAM.NS,https://www.dcmshriram.com,dcmshriram.com,https://img.logo.dev/dcmshriram.com
DLF,DLF.NS,https://www.dlf.in,dlf.in,https://img.logo.dev/dlf.in
DOMS,DOMS.NS,https://www.domsindia.com,domsindia.com,https://img.logo.dev/domsindia.com
DABUR,DABUR.NS,https://www.dabur.com,dabur.com,https://img.logo.dev/dabur.com
DALBHARAT,DALBHARAT.NS,https://www.dalmiabharat.com,dalmiabharat.com,https://img.logo.dev/dalmiabharat.com
DATAPATTNS,DATAPATTNS.NS,https://www.datapatternsindia.com,datapatternsindia.com,https://img.logo.dev/datapatternsindia.com
DEEPAKFERT,DEEPAKFERT.NS,https://www.dfpcl.com,dfpcl.com,https://img.logo.dev/dfpcl.com
DEEPAKNTR,DEEPAKNTR.NS,https://www.godeepak.com,godeepak.com,https://img.logo.dev/godeepak.com
DELHIVERY,DELHIVERY.NS,https://www.delhivery.com,delhivery.com,https://img.logo.dev/delhivery.com
DEVYANI,DEVYANI.NS,https://www.dil-rjcorp.com,dil-rjcorp.com,https://img.logo.dev/dil-rjcorp.com
DIVISLAB,DIVISLAB.NS,https://www.divislabs.com,divislabs.com,https://img.logo.dev/divislabs.com
DIXON,DIXON.NS,https://www.dixoninfo.com,dixoninfo.com,https://img.logo.dev/dixoninfo.com
LALPATHLAB,LALPATHLAB.NS,https://www.lalpathlabs.com,lalpathlabs.com,https://img.logo.dev/lalpathlabs.com
DRREDDY,DRREDDY.NS,https://www.drreddys.com,drreddys.com,https://img.logo.dev/drreddys.com
EIDPARRY,EIDPARRY.NS,https://www.eidparry.com,eidparry.com,https://img.logo.dev/eidparry.com
EIHOTEL,EIHOTEL.NS,https://www.eihltd.com,eihltd.com,https://img.logo.dev/eihltd.com
EICHERMOT,EICHERMOT.NS,https://www.eichermotors.com,eichermotors.com,https://img.logo.dev/eichermotors.com
ELECON,ELECON.NS,https://www.elecon.com,elecon.com,https://img.logo.dev/elecon.com
ELGIEQUIP,ELGIEQUIP.NS,https://www.elgi.com,elgi.com,https://img.logo.dev/elgi.com
EMAMILTD,EMAMILTD.NS,https://www.emamiltd.in,emamiltd.in,https://img.logo.dev/emamiltd.in
EMCURE,EMCURE.NS,https://www.emcure.com,emcure.com,https://img.logo.dev/emcure.com
ENDURANCE,ENDURANCE.NS,https://www.endurancegroup.com,endurancegroup.com,https://img.logo.dev/endurancegroup.com
ENGINERSIN,ENGINERSIN.NS,https://www.engineersindia.com,engineersindia.com,https://img.logo.dev/engineersindia.com
ERIS,ERIS.NS,https://www.eris.co.in,eris.co.in,https://img.logo.dev/eris.co.in
ESCORTS,ESCORTS.NS,https://www.escortskubota.com,escortskubota.com,https://img.logo.dev/escortskubota.com
ETERNAL,ETERNAL.NS,https://www.zomato.com,zomato.com,https://img.logo.dev/zomato.com
EXIDEIND,EXIDEIND.NS,https://www.exideindustries.com,exideindustries.com,https://img.logo.dev/exideindustries.com
NYKAA,NYKAA.NS,https://www.nykaa.com,nykaa.com,https://img.logo.dev/nykaa.com
FEDERALBNK,FEDERALBNK.NS,https://www.federalbank.co.in,federalbank.co.in,https://img.logo.dev/federalbank.co.in
FACT,FACT.NS,https://www.fact.co.in,fact.co.in,https://img.logo.dev/fact.co.in
FINCABLES,FINCABLES.NS,https://www.finolex.com,finolex.com,https://img.logo.dev/finolex.com
FINPIPE,FINPIPE.NS,https://www.finolexpipes.com,finolexpipes.com,https://img.logo.dev/finolexpipes.com
FSL,FSL.NS,https://www.firstsource.com,firstsource.com,https://img.logo.dev/firstsource.com
FIVESTAR,FIVESTAR.NS,https://www.fivestargroup.in,fivestargroup.in,https://img.logo.dev/fivestargroup.in
FORTIS,FORTIS.NS,https://www.fortishealthcare.com,fortishealthcare.com,https://img.logo.dev/fortishealthcare.com
GAIL,GAIL.NS,https://www.gailonline.com,gailonline.com,https://img.logo.dev/gailonline.com
GVT&D,GVT&D.NS,https://www.gevernova.com/regions/in/ge-td-india-limited,gevernova.com,https://img.logo.dev/gevernova.com
GMRAIRPORT,GMRAIRPORT.NS,https://www.gmraero.com,gmraero.com,https://img.logo.dev/gmraero.com
GRSE,GRSE.NS,https://www.grse.in,grse.in,https://img.logo.dev/grse.in
GICRE,GICRE.NS,https://www.gicre.in,gicre.in,https://img.logo.dev/gicre.in
GILLETTE,GILLETTE.NS,https://www.gillette.co.in,gillette.co.in,https://img.logo.dev/gillette.co.in
GLAND,GLAND.NS,https://www.glandpharma.com,glandpharma.com,https://img.logo.dev/glandpharma.com
GLAXO,GLAXO.NS,https://india-pharma.gsk.com,india-pharma.gsk.com,https://img.logo.dev/india-pharma.gsk.com
GLENMARK,GLENMARK.NS,https://www.glenmarkpharma.com,glenmarkpharma.com,https://img.logo.dev/glenmarkpharma.com
MEDANTA,MEDANTA.NS,https://www.medanta.org,medanta.org,https://img.logo.dev/medanta.org
GODIGIT,GODIGIT.NS,https://www.godigit.com,godigit.com,https://img.logo.dev/godigit.com
GPIL,GPIL.NS,https://www.godawaripowerispat.com,godawaripowerispat.com,https://img.logo.dev/godawaripowerispat.com
GODFRYPHLP,GODFRYPHLP.NS,https://www.godfreyphillips.co.in,godfreyphillips.co.in,https://img.logo.dev/godfreyphillips.co.in
GODREJAGRO,GODREJAGRO.NS,https://www.godrejagrovet.com,godrejagrovet.com,https://img.logo.dev/godrejagrovet.com
GODREJCP,GODREJCP.NS,https://www.godrejcp.com,godrejcp.com,https://img.logo.dev/godrejcp.com
GODREJIND,GODREJIND.NS,https://www.godrejindustries.com,godrejindustries.com,https://img.logo.dev/godrejindustries.com
GODREJPROP,GODREJPROP.NS,https://www.godrejproperties.com,godrejproperties.com,https://img.logo.dev/godrejproperties.com
GRANULES,GRANULES.NS,https://www.granulesindia.com,granulesindia.com,https://img.logo.dev/granulesindia.com
GRAPHITE,GRAPHITE.NS,https://www.graphiteindia.com,graphiteindia.com,https://img.logo.dev/graphiteindia.com
GRASIM,GRASIM.NS,https://www.grasim.com,grasim.com,https://img.logo.dev/grasim.com
GRAVITA,GRAVITA.NS,https://www.gravitaindia.com,gravitaindia.com,https://img.logo.dev/gravitaindia.com
GESHIP,GESHIP.NS,https://www.greatship.com,greatship.com,https://img.logo.dev/greatship.com
FLUOROCHEM,FLUOROCHEM.NS,https://www.gfl.co.in,gfl.co.in,https://img.logo.dev/gfl.co.in
GUJGASLTD,GUJGASLTD.NS,https://www.gujaratgas.com,gujaratgas.com,https://img.logo.dev/gujaratgas.com
GMDCLTD,GMDCLTD.NS,https://www.gmdcltd.com,gmdcltd.com,https://img.logo.dev/gmdcltd.com
GNFC,GNFC.NS,https://www.gnfc.in,gnfc.in,https://img.logo.dev/gnfc.in
GPPL,GPPL.NS,https://www.apmterminals.com/pipavav,apmterminals.com,https://img.logo.dev/apmterminals.com
GSPL,GSPL.NS,https://gspcgroup.com/GSPL,gspcgroup.com,https://img.logo.dev/gspcgroup.com
HEG,HEG.NS,https://www.hegltd.com,hegltd.com,https://img.logo.dev/hegltd.com
HBLENGINE,HBLENGINE.NS,https://www.hbl.in,hbl.in,https://img.logo.dev/hbl.in
HCLTECH,HCLTECH.NS,https://www.hcltech.com,hcltech.com,https://img.logo.dev/hcltech.com
HDFCAMC,HDFCAMC.NS,https://www.hdfcfund.com,hdfcfund.com,https://img.logo.dev/hdfcfund.com
HDFCBANK,HDFCBANK.NS,https://www.hdfcbank.com,hdfcbank.com,https://img.logo.dev/hdfcbank.com
HDFCLIFE,HDFCLIFE.NS,https://www.hdfclife.com,hdfclife.com,https://img.logo.dev/hdfclife.com
HFCL,HFCL.NS,https://www.hfcl.com,hfcl.com,https://img.logo.dev/hfcl.com
HAPPSTMNDS,HAPPSTMNDS.NS,https://www.happiestminds.com,happiestminds.com,https://img.logo.dev/happiestminds.com
HAVELLS,HAVELLS.NS,https://www.havells.com,havells.com,https://img.logo.dev/havells.com
HEROMOTOCO,HEROMOTOCO.NS,https://www.heromotocorp.com,heromotocorp.com,https://img.logo.dev/heromotocorp.com
HSCL,HSCL.NS,https://www.himadri.com,himadri.com,https://img.logo.dev/himadri.com
HINDALCO,HINDALCO.NS,https://www.hindalco.com,hindalco.com,https://img.logo.dev/hindalco.com
HAL,HAL.NS,https://hal-india.co.in,hal-india.co.in,https://img.logo.dev/hal-india.co.in
HINDCOPPER,HINDCOPPER.NS,https://www.hindustancopper.com,hindustancopper.com,https://img.logo.dev/hindustancopper.com
HINDPETRO,HINDPETRO.NS,https://www.hindustanpetroleum.com,hindustanpetroleum.com,https://img.logo.dev/hindustanpetroleum.com
HINDUNILVR,HINDUNILVR.NS,https://www.hul.co.in,hul.co.in,https://img.logo.dev/hul.co.in
HINDZINC,HINDZINC.NS,https://www.hzlindia.com,hzlindia.com,https://img.logo.dev/hzlindia.com
POWERINDIA,POWERINDIA.NS,https://www.hitachienergy.com/in/en,hitachienergy.com,https://img.logo.dev/hitachienergy.com
HOMEFIRST,HOMEFIRST.NS,https://homefirstindia.com,homefirstindia.com,https://img.logo.dev/homefirstindia.com
HONASA,HONASA.NS,https://www.honasa.in,honasa.in,https://img.logo.dev/honasa.in
HONAUT,HONAUT.NS,https://www.honeywell.com/in/en/hail,honeywell.com,https://img.logo.dev/honeywell.com
HUDCO,HUDCO.NS,https://www.hudco.org.in,hudco.org.in,https://img.logo.dev/hudco.org.in
HYUNDAI,HYUNDAI.NS,https://www.hyundai.com/in,hyundai.com,https://img.logo.dev/hyundai.com
ICICIBANK,ICICIBANK.NS,https://www.icicibank.com,icicibank.com,https://img.logo.dev/icicibank.com
ICICIGI,ICICIGI.NS,https://www.icicilombard.com,icicilombard.com,https://img.logo.dev/icicilombard.com
ICICIPRULI,ICICIPRULI.NS,https://www.iciciprulife.com,iciciprulife.com,https://img.logo.dev/iciciprulife.com
IDBI,IDBI.NS,https://www.idbibank.in,idbibank.in,https://img.logo.dev/idbibank.in
IDFCFIRSTB,IDFCFIRSTB.NS,https://www.idfcfirstbank.com,idfcfirstbank.com,https://img.logo.dev/idfcfirstbank.com
IFCI,IFCI.NS,https://www.ifciltd.com,ifciltd.com,https://img.logo.dev/ifciltd.com
IIFL,IIFL.NS,https://www.iifl.com,iifl.com,https://img.logo.dev/iifl.com
INOXINDIA,INOXINDIA.NS,https://www.inoxcva.com,inoxcva.com,https://img.logo.dev/inoxcva.com
IRB,IRB.NS,https://www.irb.co.in,irb.co.in,https://img.logo.dev/irb.co.in
IRCON,IRCON.NS,https://www.ircon.org,ircon.org,https://img.logo.dev/ircon.org
ITC,ITC.NS,https://www.itcportal.com,itcportal.com,https://img.logo.dev/itcportal.com
ITI,ITI.NS,https://www.itiltd.in,itiltd.in,https://img.logo.dev/itiltd.in
INDGN,INDGN.NS,https://www.indegene.com,indegene.com,https://img.logo.dev/indegene.com
INDIACEM,INDIACEM.NS,https://www.indiacements.co.in,indiacements.co.in,https://img.logo.dev/indiacements.co.in
INDIAMART,INDIAMART.NS,https://www.indiamart.com,indiamart.com,https://img.logo.dev/indiamart.com
INDIANB,INDIANB.NS,https://www.indianbank.in,indianbank.in,https://img.logo.dev/indianbank.in
IEX,IEX.NS,https://www.iexindia.com,iexindia.com,https://img.logo.dev/iexindia.com
INDHOTEL,INDHOTEL.NS,https://www.ihcltata.com,ihcltata.com,https://img.logo.dev/ihcltata.com
IOC,IOC.NS,https://www.iocl.com,iocl.com,https://img.logo.dev/iocl.com
IOB,IOB.NS,https://www.iob.in,iob.in,https://img.logo.dev/iob.in
IRCTC,IRCTC.NS,https://www.irctc.com,irctc.com,https://img.logo.dev/irctc.com
IRFC,IRFC.NS,https://irfc.co.in,irfc.co.in,https://img.logo.dev/irfc.co.in
IREDA,IREDA.NS,https://www.ireda.in,ireda.in,https://img.logo.dev/ireda.in
IGL,IGL.NS,https://www.iglonline.net,iglonline.net,https://img.logo.dev/iglonline.net
INDUSTOWER,INDUSTOWER.NS,https://www.industowers.com,industowers.com,https://img.logo.dev/industowers.com
INDUSINDBK,INDUSINDBK.NS,https://www.indusind.com,indusind.com,https://img.logo.dev/indusind.com
NAUKRI,NAUKRI.NS,https://www.infoedge.in,infoedge.in,https://img.logo.dev/infoedge.in
INFY,INFY.NS,https://www.infosys.com,infosys.com,https://img.logo.dev/infosys.com
INOXWIND,INOXWIND.NS,https://inoxwind.com,inoxwind.com,https://img.logo.dev/inoxwind.com
INTELLECT,INTELLECT.NS,https://www.intellectdesign.com,intellectdesign.com,https://img.logo.dev/intellectdesign.com
INDIGO,INDIGO.NS,https://www.goindigo.in,goindigo.in,https://img.logo.dev/goindigo.in
IGIL,IGIL.NS,https://www.igi.org,igi.org,https://img.logo.dev/igi.org
IKS,IKS.NS,https://ikshealth.com,ikshealth.com,https://img.logo.dev/ikshealth.com
IPCALAB,IPCALAB.NS,https://www.ipca.com,ipca.com,https://img.logo.dev/ipca.com
JBCHEPHARM,JBCHEPHARM.NS,https://www.jbpharma.com,jbpharma.com,https://img.logo.dev/jbpharma.com
JKCEMENT,JKCEMENT.NS,https://www.jkcement.com,jkcement.com,https://img.logo.dev/jkcement.com
JBMA,JBMA.NS,https://www.jbmgroup.com,jbmgroup.com,https://img.logo.dev/jbmgroup.com
JKTYRE,JKTYRE.NS,https://www.jktyre.com,jktyre.com,https://img.logo.dev/jktyre.com
JMFINANCIL,JMFINANCIL.NS,https://www.jmfl.com,jmfl.com,https://img.logo.dev/jmfl.com
JSWENERGY,JSWENERGY.NS,https://www.jsw.in/energy,jsw.in,https://img.logo.dev/jsw.in
JSWHL,JSWHL.NS,https://www.jsw.in/investors/holdings,jsw.in,https://img.logo.dev/jsw.in
JSWINFRA,JSWINFRA.NS,https://www.jsw.in/infrastructure,jsw.in,https://img.logo.dev/jsw.in
JSWSTEEL,JSWSTEEL.NS,https://www.jswsteel.in,jswsteel.in,https://img.logo.dev/jswsteel.in
JPPOWER,JPPOWER.NS,https://www.jppowerventures.com,jppowerventures.com,https://img.logo.dev/jppowerventures.com
J&KBANK,J&KBANK.NS,https://www.jkbank.com,jkbank.com,https://img.logo.dev/jkbank.com
JINDALSAW,JINDALSAW.NS,https://www.jindalsaw.com,jindalsaw.com,https://img.logo.dev/jindalsaw.com
JSL,JSL.NS,https://www.jindalstainless.com,jindalstainless.com,https://img.logo.dev/jindalstainless.com
JINDALSTEL,JINDALSTEL.NS,https://www.jindalsteel.com,jindalsteel.com,https://img.logo.dev/jindalsteel.com
JIOFIN,JIOFIN.NS,https://www.jfs.in,jfs.in,https://img.logo.dev/jfs.in
JUBLFOOD,JUBLFOOD.NS,https://www.jubilantfoodworks.com,jubilantfoodworks.com,https://img.logo.dev/jubilantfoodworks.com
JUBLINGREA,JUBLINGREA.NS,https://jubilantingrevia.com,jubilantingrevia.com,https://img.logo.dev/jubilantingrevia.com
JUBLPHARMA,JUBLPHARMA.NS,https://www.jubilantpharmova.com,jubilantpharmova.com,https://img.logo.dev/jubilantpharmova.com
JWL,JWL.NS,https://www.jupiterwagons.com,jupiterwagons.com,https://img.logo.dev/jupiterwagons.com
JUSTDIAL,JUSTDIAL.NS,https://www.justdial.com,justdial.com,https://img.logo.dev/justdial.com
JYOTHYLAB,JYOTHYLAB.NS,https://www.jyothylabs.com,jyothylabs.com,https://img.logo.dev/jyothylabs.com
JYOTICNC,JYOTICNC.NS,https://www.jyoti.co.in,jyoti.co.in,https://img.logo.dev/jyoti.co.in
KPRMILL,KPRMILL.NS,https://www.kprmilllimited.com,kprmilllimited.com,https://img.logo.dev/kprmilllimited.com
KEI,KEI.NS,https://www.kei-ind.com,kei-ind.com,https://img.logo.dev/kei-ind.com
KNRCON,KNRCON.NS,https://www.knrcl.com,knrcl.com,https://img.logo.dev/knrcl.com
KPITTECH,KPITTECH.NS,https://www.kpit.com,kpit.com,https://img.logo.dev/kpit.com
KAJARIACER,KAJARIACER.NS,https://www.kajariaceramics.com,kajariaceramics.com,https://img.logo.dev/kajariaceramics.com
KPIL,KPIL.NS,https://www.kalpataruprojects.com,kalpataruprojects.com,https://img.logo.dev/kalpataruprojects.com
KALYANKJIL,KALYANKJIL.NS,https://www.kalyanjewellers.net,kalyanjewellers.net,https://img.logo.dev/kalyanjewellers.net
KANSAINER,KANSAINER.NS,https://www.nerolac.com,nerolac.com,https://img.logo.dev/nerolac.com
KARURVYSYA,KARURVYSYA.NS,https://www.kvb.co.in,kvb.co.in,https://img.logo.dev/kvb.co.in
KAYNES,KAYNES.NS,https://www.kaynestechnology.co.in,kaynestechnology.co.in,https://img.logo.dev/kaynestechnology.co.in
KEC,KEC.NS,https://www.kecrpg.com,kecrpg.com,https://img.logo.dev/kecrpg.com
KFINTECH,KFINTECH.NS,https://www.kfintech.com,kfintech.com,https://img.logo.dev/kfintech.com
KIRLOSBROS,KIRLOSBROS.NS,https://www.kirloskarpumps.com,kirloskarpumps.com,https://img.logo.dev/kirloskarpumps.com
KIRLOSENG,KIRLOSENG.NS,https://kirloskaroilengines.com,kirloskaroilengines.com,https://img.logo.dev/kirloskaroilengines.com
KOTAKBANK,KOTAKBANK.NS,https://www.kotak.com,kotak.com,https://img.logo.dev/kotak.com
KIMS,KIMS.NS,https://www.kimshospitals.com,kimshospitals.com,https://img.logo.dev/kimshospitals.com
LTF,LTF.NS,https://www.ltfs.com,ltfs.com,https://img.logo.dev/ltfs.com
LTTS,LTTS.NS,https://www.ltts.com,ltts.com,https://img.logo.dev/ltts.com
LICHSGFIN,LICHSGFIN.NS,https://www.lichousing.com,lichousing.com,https://img.logo.dev/lichousing.com
LTFOODS,LTFOODS.NS,https://www.ltgroup.in,ltgroup.in,https://img.logo.dev/ltgroup.in
LTIM,LTIM.NS,https://www.ltimindtree.com,ltimindtree.com,https://img.logo.dev/ltimindtree.com
LT,LT.NS,https://www.larsentoubro.com,larsentoubro.com,https://img.logo.dev/larsentoubro.com
LATENTVIEW,LATENTVIEW.NS,https://www.latentview.com,latentview.com,https://img.logo.dev/latentview.com
LAURUSLABS,LAURUSLABS.NS,https://www.lauruslabs.com,lauruslabs.com,https://img.logo.dev/lauruslabs.com
LEMONTREE,LEMONTREE.NS,https://www.lemontreehotels.com,lemontreehotels.com,https://img.logo.dev/lemontreehotels.com
LICI,LICI.NS,https://www.licindia.in,licindia.in,https://img.logo.dev/licindia.in
LINDEINDIA,LINDEINDIA.NS,https://www.linde.in,linde.in,https://img.logo.dev/linde.in
LLOYDSME,LLOYDSME.NS,https://lloyds.in,lloyds.in,https://img.logo.dev/lloyds.in
LUPIN,LUPIN.NS,https://www.lupin.com,lupin.com,https://img.logo.dev/lupin.com
MMTC,MMTC.NS,https://mmtclimited.com,mmtclimited.com,https://img.logo.dev/mmtclimited.com
MRF,MRF.NS,https://www.mrftyres.com,mrftyres.com,https://img.logo.dev/mrftyres.com
LODHA,LODHA.NS,https://www.lodhagroup.in,lodhagroup.in,https://img.logo.dev/lodhagroup.in
MGL,MGL.NS,https://www.mahanagargas.com,mahanagargas.com,https://img.logo.dev/mahanagargas.com
MAHSEAMLES,MAHSEAMLES.NS,https://www.jindal.com/msl,jindal.com,https://img.logo.dev/jindal.com
M&MFIN,M&MFIN.NS,https://www.mahindrafinance.com,mahindrafinance.com,https://img.logo.dev/mahindrafinance.com
M&M,M&M.NS,https://www.mahindra.com,mahindra.com,https://img.logo.dev/mahindra.com
MANAPPURAM,MANAPPURAM.NS,https://www.manappuram.com,manappuram.com,https://img.logo.dev/manappuram.com
MRPL,MRPL.NS,https://www.mrpl.co.in,mrpl.co.in,https://img.logo.dev/mrpl.co.in
MANKIND,MANKIND.NS,https://www.mankindpharma.com,mankindpharma.com,https://img.logo.dev/mankindpharma.com
MARICO,MARICO.NS,https://marico.com,marico.com,https://img.logo.dev/marico.com
MARUTI,MARUTI.NS,https://www.marutisuzuki.com,marutisuzuki.com,https://img.logo.dev/marutisuzuki.com
MASTEK,MASTEK.NS,https://www.mastek.com,mastek.com,https://img.logo.dev/mastek.com
MFSL,MFSL.NS,https://www.maxfinancialservices.com,maxfinancialservices.com,https://img.logo.dev/maxfinancialservices.com
MAXHEALTH,MAXHEALTH.NS,https://www.maxhealthcare.in,maxhealthcare.in,https://img.logo.dev/maxhealthcare.in
MAZDOCK,MAZDOCK.NS,https://mazagondock.in,mazagondock.in,https://img.logo.dev/mazagondock.in
METROPOLIS,METROPOLIS.NS,https://www.metropolisindia.com,metropolisindia.com,https://img.logo.dev/metropolisindia.com
MINDACORP,MINDACORP.NS,https://sparkminda.com,sparkminda.com,https://img.logo.dev/sparkminda.com
MSUMI,MSUMI.NS,https://www.mswil.motherson.com,mswil.motherson.com,https://img.logo.dev/mswil.motherson.com
MOTILALOFS,MOTILALOFS.NS,https://www.motilaloswalgroup.com,motilaloswalgroup.com,https://img.logo.dev/motilaloswalgroup.com
MPHASIS,MPHASIS.NS,https://www.mphasis.com,mphasis.com,https://img.logo.dev/mphasis.com
MCX,MCX.NS,https://www.mcxindia.com,mcxindia.com,https://img.logo.dev/mcxindia.com
MUTHOOTFIN,MUTHOOTFIN.NS,https://www.muthootfinance.com,muthootfinance.com,https://img.logo.dev/muthootfinance.com
NATCOPHARM,NATCOPHARM.NS,https://www.natcopharma.co.in,natcopharma.co.in,https://img.logo.dev/natcopharma.co.in
NBCC,NBCC.NS,https://www.nbccindia.in,nbccindia.in,https://img.logo.dev/nbccindia.in
NCC,NCC.NS,https://ncclimited.com,ncclimited.com,https://img.logo.dev/ncclimited.com
NHPC,NHPC.NS,https://www.nhpcindia.com,nhpcindia.com,https://img.logo.dev/nhpcindia.com
NLCINDIA,NLCINDIA.NS,https://www.nlcindia.in,nlcindia.in,https://img.logo.dev/nlcindia.in
NMDC,NMDC.NS,https://www.nmdc.co.in,nmdc.co.in,https://img.logo.dev/nmdc.co.in
NSLNISP,NSLNISP.NS,https://nmdcsteel.nmdc.co.in,nmdcsteel.nmdc.co.in,https://img.logo.dev/nmdcsteel.nmdc.co.in
NTPCGREEN,NTPCGREEN.NS,https://www.ngel.in,ngel.in,https://img.logo.dev/ngel.in
NTPC,NTPC.NS,https://www.ntpc.co.in,ntpc.co.in,https://img.logo.dev/ntpc.co.in
NH,NH.NS,https://www.narayanahealth.org,narayanahealth.org,https://img.logo.dev/narayanahealth.org
NATIONALUM,NATIONALUM.NS,https://nalcoindia.com,nalcoindia.com,https://img.logo.dev/nalcoindia.com
NAVA,NAVA.NS,https://www.navalimited.com,navalimited.com,https://img.logo.dev/navalimited.com
NAVINFLUOR,NAVINFLUOR.NS,https://www.nfil.in,nfil.in,https://img.logo.dev/nfil.in
NESTLEIND,NESTLEIND.NS,https://www.nestle.in,nestle.in,https://img.logo.dev/nestle.in
NETWEB,NETWEB.NS,https://www.netwebindia.com,netwebindia.com,https://img.logo.dev/netwebindia.com
NETWORK18,NETWORK18.NS,https://www.nw18.com,nw18.com,https://img.logo.dev/nw18.com
NEULANDLAB,NEULANDLAB.NS,https://www.neulandlabs.com,neulandlabs.com,https://img.logo.dev/neulandlabs.com
NEWGEN,NEWGEN.NS,https://www.newgensoft.com,newgensoft.com,https://img.logo.dev/newgensoft.com
NAM-INDIA,NAM-INDIA.NS,https://www.nipponindiamf.com/AboutUs/CompanyProfile/Pages/Reliance-Nippon-Life-Asset-Management-Limited.aspx,nipponindiamf.com,https://img.logo.dev/nipponindiamf.com
NIVABUPA,NIVABUPA.NS,https://www.nivabupa.com,nivabupa.com,https://img.logo.dev/nivabupa.com
NUVAMA,NUVAMA.NS,https://www.nuvama.com,nuvama.com,https://img.logo.dev/nuvama.com
OBEROIRLTY,OBEROIRLTY.NS,https://www.oberoirealty.com,oberoirealty.com,https://img.logo.dev/oberoirealty.com
ONGC,ONGC.NS,https://www.ongcindia.com,ongcindia.com,https://img.logo.dev/ongcindia.com
OIL,OIL.NS,https://www.oil-india.com,oil-india.com,https://img.logo.dev/oil-india.com
OLAELEC,OLAELEC.NS,https://www.olaelectric.com,olaelectric.com,https://img.logo.dev/olaelectric.com
OLECTRA,OLECTRA.NS,https://olectra.com,olectra.com,https://img.logo.dev/olectra.com
PAYTM,PAYTM.NS,https://www.paytm.com,paytm.com,https://img.logo.dev/paytm.com
OFSS,OFSS.NS,https://www.oracle.com/financial-services,oracle.com,https://img.logo.dev/oracle.com
POLICYBZR,POLICYBZR.NS,https://www.pbfintech.in,pbfintech.in,https://img.logo.dev/pbfintech.in
PCBL,PCBL.NS,https://www.pcblltd.com,pcblltd.com,https://img.logo.dev/pcblltd.com
PGEL,PGEL.NS,https://www.pgel.in,pgel.in,https://img.logo.dev/pgel.in
PIIND,PIIND.NS,https://www.piindustries.com,piindustries.com,https://img.logo.dev/piindustries.com
PNBHOUSING,PNBHOUSING.NS,https://www.pnbhousing.com,pnbhousing.com,https://img.logo.dev/pnbhousing.com
PNCINFRA,PNCINFRA.NS,https://www.pncinfratech.com,pncinfratech.com,https://img.logo.dev/pncinfratech.com
PTCIL,PTCIL.NS,https://www.ptcil.com,ptcil.com,https://img.logo.dev/ptcil.com
PVRINOX,PVRINOX.NS,https://www.pvrcinemas.com,pvrcinemas.com,https://img.logo.dev/pvrcinemas.com
PAGEIND,PAGEIND.NS,https://www.jockey.in,jockey.in,https://img.logo.dev/jockey.in
PATANJALI,PATANJALI.NS,https://www.patanjalifoods.com,patanjalifoods.com,https://img.logo.dev/patanjalifoods.com
PERSISTENT,PERSISTENT.NS,https://www.persistent.com,persistent.com,https://img.logo.dev/persistent.com
PETRONET,PETRONET.NS,https://petronetlng.in,petronetlng.in,https://img.logo.dev/petronetlng.in
PFIZER,PFIZER.NS,https://www.pfizerltd.co.in,pfizerltd.co.in,https://img.logo.dev/pfizerltd.co.in
PHOENIXLTD,PHOENIXLTD.NS,https://www.thephoenixmills.com,thephoenixmills.com,https://img.logo.dev/thephoenixmills.com
PIDILITIND,PIDILITIND.NS,https://www.pidilite.com,pidilite.com,https://img.logo.dev/pidilite.com
PEL,PEL.NS,https://www.piramal.com/businesses/piramal-enterprises/,piramal.com,https://img.logo.dev/piramal.com
PPLPHARMA,PPLPHARMA.NS,https://www.piramalpharma.com,piramalpharma.com,https://img.logo.dev/piramalpharma.com
POLYMED,POLYMED.NS,https://www.polymedicure.com,polymedicure.com,https://img.logo.dev/polymedicure.com
POLYCAB,POLYCAB.NS,https://www.polycab.com,polycab.com,https://img.logo.dev/polycab.com
POONAWALLA,POONAWALLA.NS,https://poonawallafincorp.com,poonawallafincorp.com,https://img.logo.dev/poonawallafincorp.com
PFC,PFC.NS,https://www.pfcindia.com,pfcindia.com,https://img.logo.dev/pfcindia.com
POWERGRID,POWERGRID.NS,https://www.powergrid.in,powergrid.in,https://img.logo.dev/powergrid.in
PRAJIND,PRAJIND.NS,https://www.praj.net,praj.net,https://img.logo.dev/praj.net
PREMIERENE,PREMIERENE.NS,https://www.premierenergies.com,premierenergies.com,https://img.logo.dev/premierenergies.com
PRESTIGE,PRESTIGE.NS,https://www.prestigeconstructions.com,prestigeconstructions.com,https://img.logo.dev/prestigeconstructions.com
PNB,PNB.NS,https://www.pnbindia.in,pnbindia.in,https://img.logo.dev/pnbindia.in
RRKABEL,RRKABEL.NS,https://www.rrkabel.com,rrkabel.com,https://img.logo.dev/rrkabel.com
RBLBANK,RBLBANK.NS,https://www.rblbank.com,rblbank.com,https://img.logo.dev/rblbank.com
RECLTD,RECLTD.NS,https://www.recindia.nic.in,recindia.nic.in,https://img.logo.dev/recindia.nic.in
RHIM,RHIM.NS,https://www.rhimagnesitaindia.com,rhimagnesitaindia.com,https://img.logo.dev/rhimagnesitaindia.com
RITES,RITES.NS,https://www.rites.com,rites.com,https://img.logo.dev/rites.com
RADICO,RADICO.NS,https://www.radicokhaitan.com,radicokhaitan.com,https://img.logo.dev/radicokhaitan.com
RVNL,RVNL.NS,https://www.rvnl.org,rvnl.org,https://img.logo.dev/rvnl.org
RAILTEL,RAILTEL.NS,https://www.railtelindia.com,railtelindia.com,https://img.logo.dev/railtelindia.com
RAINBOW,RAINBOW.NS,https://www.rainbowhospitals.in,rainbowhospitals.in,https://img.logo.dev/rainbowhospitals.in
RKFORGE,RKFORGE.NS,https://ramkrishnaforgings.com,ramkrishnaforgings.com,https://img.logo.dev/ramkrishnaforgings.com
RCF,RCF.NS,https://www.rcfltd.com,rcfltd.com,https://img.logo.dev/rcfltd.com
RTNINDIA,RTNINDIA.NS,https://rattanindia.com,rattanindia.com,https://img.logo.dev/rattanindia.com
RAYMONDLSL,RAYMONDLSL.NS,https://raymondlifestyle.com,raymondlifestyle.com,https://img.logo.dev/raymondlifestyle.com
RAYMOND,RAYMOND.NS,https://www.raymond.in,raymond.in,https://img.logo.dev/raymond.in
REDINGTON,REDINGTON.NS,https://www.redingtongroup.com,redingtongroup.com,https://img.logo.dev/redingtongroup.com
RELIANCE,RELIANCE.NS,https://www.ril.com,ril.com,https://img.logo.dev/ril.com
RPOWER,RPOWER.NS,https://www.reliancepower.co.in,reliancepower.co.in,https://img.logo.dev/reliancepower.co.in
ROUTE,ROUTE.NS,https://www.routemobile.com,routemobile.com,https://img.logo.dev/routemobile.com
SBFC,SBFC.NS,https://www.sbfc.com,sbfc.com,https://img.logo.dev/sbfc.com
SBICARD,SBICARD.NS,https://www.sbicard.com,sbicard.com,https://img.logo.dev/sbicard.com
SBILIFE,SBILIFE.NS,https://www.sbilife.co.in,sbilife.co.in,https://img.logo.dev/sbilife.co.in
SJVN,SJVN.NS,https://www.sjvn.nic.in,sjvn.nic.in,https://img.logo.dev/sjvn.nic.in
SKFINDIA,SKFINDIA.NS,https://www.skf.com/in,skf.com,https://img.logo.dev/skf.com
SRF,SRF.NS,https://www.srf.com,srf.com,https://img.logo.dev/srf.com
SAGILITY,SAGILITY.NS,https://www.sagilityhealth.com,sagilityhealth.com,https://img.logo.dev/sagilityhealth.com
SAILIFE,SAILIFE.NS,https://www.sailife.com,sailife.com,https://img.logo.dev/sailife.com
SAMMAANCAP,SAMMAANCAP.NS,https://www.sammaancapital.com,sammaancapital.com,https://img.logo.dev/sammaancapital.com
MOTHERSON,MOTHERSON.NS,https://www.motherson.com,motherson.com,https://img.logo.dev/motherson.com
SAPPHIRE,SAPPHIRE.NS,https://www.sapphirefoods.in,sapphirefoods.in,https://img.logo.dev/sapphirefoods.in
SARDAEN,SARDAEN.NS,https://www.seml.co.in,seml.co.in,https://img.logo.dev/seml.co.in
SAREGAMA,SAREGAMA.NS,https://www.saregama.com,saregama.com,https://img.logo.dev/saregama.com
SCHAEFFLER,SCHAEFFLER.NS,https://www.schaeffler.co.in,schaeffler.co.in,https://img.logo.dev/schaeffler.co.in
SCHNEIDER,SCHNEIDER.NS,https://infra-in.se.com,infra-in.se.com,https://img.logo.dev/infra-in.se.com
SCI,SCI.NS,https://www.shipindia.com,shipindia.com,https://img.logo.dev/shipindia.com
SHREECEM,SHREECEM.NS,https://www.shreecement.com,shreecement.com,https://img.logo.dev/shreecement.com
RENUKA,RENUKA.NS,https://renukasugars.com,renukasugars.com,https://img.logo.dev/renukasugars.com
SHRIRAMFIN,SHRIRAMFIN.NS,https://shriramfinance.in,shriramfinance.in,https://img.logo.dev/shriramfinance.in
SHYAMMETL,SHYAMMETL.NS,https://www.shyammetalics.com,shyammetalics.com,https://img.logo.dev/shyammetalics.com
SIEMENS,SIEMENS.NS,https://www.siemens.com/in/en.html,siemens.com,https://img.logo.dev/siemens.com
SIGNATURE,SIGNATURE.NS,https://www.signatureglobal.in,signatureglobal.in,https://img.logo.dev/signatureglobal.in
SOBHA,SOBHA.NS,https://www.sobha.com,sobha.com,https://img.logo.dev/sobha.com
SOLARINDS,SOLARINDS.NS,https://solargroup.com,solargroup.com,https://img.logo.dev/solargroup.com
SONACOMS,SONACOMS.NS,https://www.sonacomstar.com,sonacomstar.com,https://img.logo.dev/sonacomstar.com
SONATSOFTW,SONATSOFTW.NS,https://www.sonata-software.com,sonata-software.com,https://img.logo.dev/sonata-software.com
STARHEALTH,STARHEALTH.NS,https://www.starhealth.in,starhealth.in,https://img.logo.dev/starhealth.in
SBIN,SBIN.NS,https://www.sbi.co.in,sbi.co.in,https://img.logo.dev/sbi.co.in
SAIL,SAIL.NS,https://www.sail.co.in,sail.co.in,https://img.logo.dev/sail.co.in
SWSOLAR,SWSOLAR.NS,https://www.sterlingandwilsonre.com,sterlingandwilsonre.com,https://img.logo.dev/sterlingandwilsonre.com
SUMICHEM,SUMICHEM.NS,https://www.sumichem.co.in,sumichem.co.in,https://img.logo.dev/sumichem.co.in
SUNPHARMA,SUNPHARMA.NS,https://www.sunpharma.com,sunpharma.com,https://img.logo.dev/sunpharma.com
SUNTV,SUNTV.NS,https://www.suntv.in,suntv.in,https://img.logo.dev/suntv.in
SUNDARMFIN,SUNDARMFIN.NS,https://www.sundaramfinance.in,sundaramfinance.in,https://img.logo.dev/sundaramfinance.in
SUNDRMFAST,SUNDRMFAST.NS,https://www.sundram.com,sundram.com,https://img.logo.dev/sundram.com
SUPREMEIND,SUPREMEIND.NS,https://www.supreme.co.in,supreme.co.in,https://img.logo.dev/supreme.co.in
SUVENPHAR,SUVENPHAR.NS,https://suvenpharm.com,suvenpharm.com,https://img.logo.dev/suvenpharm.com
SUZLON,SUZLON.NS,https://www.suzlon.com,suzlon.com,https://img.logo.dev/suzlon.com
SWANENERGY,SWANENERGY.NS,https://www.swan.co.in,swan.co.in,https://img.logo.dev/swan.co.in
SWIGGY,SWIGGY.NS,https://www.swiggy.com,swiggy.com,https://img.logo.dev/swiggy.com
SYNGENE,SYNGENE.NS,https://www.syngeneintl.com,syngeneintl.com,https://img.logo.dev/syngeneintl.com
SYRMA,SYRMA.NS,https://www.syrmasgs.com,syrmasgs.com,https://img.logo.dev/syrmasgs.com
TBOTEK,TBOTEK.NS,https://www.tbo.com,tbo.com,https://img.logo.dev/tbo.com
TVSMOTOR,TVSMOTOR.NS,https://www.tvsmotor.com,tvsmotor.com,https://img.logo.dev/tvsmotor.com
TANLA,TANLA.NS,https://www.tanla.com,tanla.com,https://img.logo.dev/tanla.com
TATACHEM,TATACHEM.NS,https://www.tatachemicals.com,tatachemicals.com,https://img.logo.dev/tatachemicals.com
TATACOMM,TATACOMM.NS,https://www.tatacommunications.com,tatacommunications.com,https://img.logo.dev/tatacommunications.com
TCS,TCS.NS,https://www.tcs.com,tcs.com,https://img.logo.dev/tcs.com
TATACONSUM,TATACONSUM.NS,https://www.tataconsumer.com,tataconsumer.com,https://img.logo.dev/tataconsumer.com
TATAELXSI,TATAELXSI.NS,https://www.tataelxsi.com,tataelxsi.com,https://img.logo.dev/tataelxsi.com
TATAINVEST,TATAINVEST.NS,https://www.tatainvestment.com,tatainvestment.com,https://img.logo.dev/tatainvestment.com
TATAMOTORS,TATAMOTORS.NS,https://www.tatamotors.com,tatamotors.com,https://img.logo.dev/tatamotors.com
TATAPOWER,TATAPOWER.NS,https://www.tatapower.com,tatapower.com,https://img.logo.dev/tatapower.com
TATASTEEL,TATASTEEL.NS,https://www.tatasteel.com,tatasteel.com,https://img.logo.dev/tatasteel.com
TATATECH,TATATECH.NS,https://www.tatatechnologies.com,tatatechnologies.com,https://img.logo.dev/tatatechnologies.com
TTML,TTML.NS,https://www.tatatelebusiness.com/aboutus-ttml/,tatatelebusiness.com,https://img.logo.dev/tatatelebusiness.com
TECHM,TECHM.NS,https://www.techmahindra.com,techmahindra.com,https://img.logo.dev/techmahindra.com
TECHNOE,TECHNOE.NS,https://www.techno.co.in,techno.co.in,https://img.logo.dev/techno.co.in
TEJASNET,TEJASNET.NS,https://www.tejasnetworks.com,tejasnetworks.com,https://img.logo.dev/tejasnetworks.com
NIACL,NIACL.NS,https://www.newindia.co.in,newindia.co.in,https://img.logo.dev/newindia.co.in
RAMCOCEM,RAMCOCEM.NS,https://www.ramcocements.in,ramcocements.in,https://img.logo.dev/ramcocements.in
THERMAX,THERMAX.NS,https://www.thermaxglobal.com,thermaxglobal.com,https://img.logo.dev/thermaxglobal.com
TIMKEN,TIMKEN.NS,https://www.timken.com/en-in,timken.com,https://img.logo.dev/timken.com
TITAGARH,TITAGARH.NS,https://www.titagarh.in,titagarh.in,https://img.logo.dev/titagarh.in
TITAN,TITAN.NS,https://www.titancompany.in,titancompany.in,https://img.logo.dev/titancompany.in
TORNTPHARM,TORNTPHARM.NS,https://www.torrentpharma.com,torrentpharma.com,https://img.logo.dev/torrentpharma.com
TORNTPOWER,TORNTPOWER.NS,https://www.torrentpower.com,torrentpower.com,https://img.logo.dev/torrentpower.com
TARIL,TARIL.NS,https://www.transformerindia.com,transformerindia.com,https://img.logo.dev/transformerindia.com
TRENT,TRENT.NS,https://trentlimited.com,trentlimited.com,https://img.logo.dev/trentlimited.com
TRIDENT,TRIDENT.NS,https://www.tridentindia.com,tridentindia.com,https://img.logo.dev/tridentindia.com
TRIVENI,TRIVENI.NS,https://www.trivenigroup.com,trivenigroup.com,https://img.logo.dev/trivenigroup.com
TRITURBINE,TRITURBINE.NS,https://www.triveniturbines.com,triveniturbines.com,https://img.logo.dev/triveniturbines.com
TIINDIA,TIINDIA.NS,https://www.tiindia.com,tiindia.com,https://img.logo.dev/tiindia.com
UCOBANK,UCOBANK.NS,https://www.ucobank.com,ucobank.com,https://img.logo.dev/ucobank.com
UNOMINDA,UNOMINDA.NS,https://www.unominda.com,unominda.com,https://img.logo.dev/unominda.com
UPL,UPL.NS,https://www.upl-ltd.com,upl-ltd.com,https://img.logo.dev/upl-ltd.com
UTIAMC,UTIAMC.NS,https://www.utiwms.com,utiwms.com,https://img.logo.dev/utiwms.com
ULTRACEMCO,ULTRACEMCO.NS,https://www.ultratechcement.com,ultratechcement.com,https://img.logo.dev/ultratechcement.com
UNIONBANK,UNIONBANK.NS,https://www.unionbankofindia.co.in,unionbankofindia.co.in,https://img.logo.dev/unionbankofindia.co.in
UBL,UBL.NS,https://www.unitedbreweries.com,unitedbreweries.com,https://img.logo.dev/unitedbreweries.com
UNITDSPR,UNITDSPR.NS,https://www.diageoindia.com,diageoindia.com,https://img.logo.dev/diageoindia.com
USHAMART,USHAMART.NS,https://www.ushamartin.com,ushamartin.com,https://img.logo.dev/ushamartin.com
VGUARD,VGUARD.NS,https://www.vguard.in,vguard.in,https://img.logo.dev/vguard.in
DBREALTY,DBREALTY.NS,https://www.dbrealty.co.in,dbrealty.co.in,https://img.logo.dev/dbrealty.co.in
VTL,VTL.NS,https://www.vardhman.com,vardhman.com,https://img.logo.dev/vardhman.com
VBL,VBL.NS,https://www.varunbeverages.com,varunbeverages.com,https://img.logo.dev/varunbeverages.com
MANYAVAR,MANYAVAR.NS,https://www.vedantfashions.com,vedantfashions.com,https://img.logo.dev/vedantfashions.com
VEDL,VEDL.NS,https://www.vedantalimited.com,vedantalimited.com,https://img.logo.dev/vedantalimited.com
VIJAYA,VIJAYA.NS,https://www.vijayadiagnostic.com,vijayadiagnostic.com,https://img.logo.dev/vijayadiagnostic.com
VMM,VMM.NS,https://www.aboutvishal.com,aboutvishal.com,https://img.logo.dev/aboutvishal.com
IDEA,IDEA.NS,https://www.myvi.in,myvi.in,https://img.logo.dev/myvi.in
VOLTAS,VOLTAS.NS,https://www.voltas.com,voltas.com,https://img.logo.dev/voltas.com
WAAREEENER,WAAREEENER.NS,https://waaree.com,waaree.com,https://img.logo.dev/waaree.com
WELCORP,WELCORP.NS,https://www.welspuncorp.com,welspuncorp.com,https://img.logo.dev/welspuncorp.com
WELSPUNLIV,WELSPUNLIV.NS,https://www.welspunliving.com,welspunliving.com,https://img.logo.dev/welspunliving.com
WESTLIFE,WESTLIFE.NS,https://www.westlife.co.in,westlife.co.in,https://img.logo.dev/westlife.co.in
WHIRLPOOL,WHIRLPOOL.NS,https://www.whirlpoolindia.com,whirlpoolindia.com,https://img.logo.dev/whirlpoolindia.com
WIPRO,WIPRO.NS,https://www.wipro.com,wipro.com,https://img.logo.dev/wipro.com
WOCKPHARMA,WOCKPHARMA.NS,https://www.wockhardt.com,wockhardt.com,https://img.logo.dev/wockhardt.com
YESBANK,YESBANK.NS,https://www.yesbank.in,yesbank.in,https://img.logo.dev/yesbank.in
ZFCVINDIA,ZFCVINDIA.NS,https://www.zf.com/india/en/home/home.html,zf.com,https://img.logo.dev/zf.com
ZEEL,ZEEL.NS,https://www.zee.com,zee.com,https://img.logo.dev/zee.com
ZENTEC,ZENTEC.NS,https://www.zentechnologies.com,zentechnologies.com,https://img.logo.dev/zentechnologies.com
ZENSARTECH,ZENSARTECH.NS,https://www.zensar.com,zensar.com,https://img.logo.dev/zensar.com
ZYDUSLIFE,ZYDUSLIFE.NS,https://zyduslife.com,zyduslife.com,https://img.logo.dev/zyduslife.com
ECLERX,ECLERX.NS,https://eclerx.com,eclerx.com,https://img.logo.dev/eclerx.com
